item_info.item_id,item_info.name,item_info.currently_tradeable,latest_market_data.date,latest_market_data.price,latest_market_data.sb_price,latest_market_data.volume,latest_market_data,Discord_SB_Price,Discord_Gold_Price,Marketplace_Gold_Price,Difference in Marketplace - Discord (Gold),Difference in Marketplace - Discord (SB),Better to buy from Discord?
103,Maki Cheese,True,2023-11-20,17999.0,1.184924292,12.0,,,,17999.0,,,
105,Moon Cheese,True,2023-11-20,3532.0,0.232521395,1092.0,,,,3532.0,,,
108,Radioactive Blue Cheese,True,2023-11-20,488.0,0.032126398,349.0,,,,488.0,,,
114,SUPER|brie+,True,2023-11-20,15190.0,1.0,60835.0,,,,15190.0,,,
186,Curds and Whey,False,2022-03-21,15.0,0.0010293,50.0,,,,15.0,,,
207,Ionized Salt,False,2022-03-21,458.0,0.031427983,119.0,,,,458.0,,,
244,Salt,False,2022-03-20,10.0,0.00070279,100.0,,,,10.0,,,
344,SUPER|brie+ Gift Basket,True,2023-11-19,7725000.0,505.827658459,2.0,,,,7725000.0,,,
382,Zugzwang's Left Sock,True,2023-11-18,10000000.0,654.621628698,1.0,,,,10000000.0,,,
387,2010 Pumpkin Treat Basket,True,2023-11-17,5142420.0,331.683436532,1.0,,,,5142420.0,,,
397,Candy Corn Cheese,True,2023-11-18,2700.0,0.176747839,84.0,,,,2700.0,,,
398,Ghoulgonzola Cheese,True,2023-11-20,2701.0,0.177814351,5.0,,,,2701.0,,,
401,Halloween Basket,True,,,,,,,,,,,
416,Fluffy DeathBot Blueprint,True,2023-09-25,1100000.0,65.312908205,1.0,,,,1100000.0,,,
417,Grungy DeathBot Blueprint,True,2023-06-29,5500000.0,359.078148462,1.0,,,,5500000.0,,,
418,Ninja Ambush Blueprint,True,2023-10-28,2750000.0,169.753086419,1.0,,,,2750000.0,,,
423,Empowered Anchor Charm,True,2023-11-20,5124.0,0.337327188,641.0,,,,5124.0,,,
424,Dragonbane Charm,True,2023-11-20,10201.0,0.671560236,867.0,,,,10201.0,,,
426,Forgotten Charm,True,2023-11-20,42006.0,2.765371955,315.0,,,,42006.0,,,
428,Scientist's Charm,True,2023-11-18,500.0,0.032731081,33.0,,,,500.0,,,
430,Wishing Well Basket,True,,,,,,,,,,,
432,Cornucopia Gift Basket,True,,,,,,,,,,,
434,Festive Gift Basket,True,2022-01-09,12000000.0,874.062204093,1.0,,,,12000000.0,,,
436,Jumbo Festive Gift Basket,True,2022-01-08,20000000.0,1421.262080727,1.0,,,,20000000.0,,,
440,Clockapult of Winter Past Blueprint,True,2023-11-13,2530000.0,162.920986541,1.0,,,,2530000.0,,,
441,Icy RhinoBot Blueprint,True,2023-11-11,12001202.0,762.271468495,1.0,,,,12001202.0,,,
468,Massive Festive Gift Basket,True,2021-05-04,66000000.0,5700.958797615,,,,,66000000.0,,,
474,Tiki Base Blueprints,True,2023-11-17,3100004.0,199.94865841,1.0,,,,3100004.0,,,
483,Shrink Ray Trap,True,2023-11-20,209999.0,13.824818959,1.0,,,,209999.0,,,
489,Charmbit,True,2023-11-19,29.0,0.001898899,52350.0,,,,29.0,,,
491,Flawed Orb,True,2023-11-20,380.0,0.025016458,109.0,,,,380.0,,,
492,Flawless Orb,True,2023-11-20,3027.0,0.199275839,144.0,,,,3027.0,,,
493,Divine Orb,True,2023-11-20,1545.0,0.101711652,110.0,,,,1545.0,,,
494,Simple Orb,True,2023-11-20,1093.0,0.071955233,532.0,,,,1093.0,,,
495,Antiskele Charm,True,2023-11-20,1041.0,0.068531928,12.0,,,,1041.0,,,
496,Prospector's Charm,True,2023-11-20,494.0,0.032521395,413.0,,,,494.0,,,
497,Rotten Charm,True,2023-11-20,1100.0,0.072416063,7.0,,,,1100.0,,,
498,Super Rotten Charm,True,2023-11-20,899.0,0.059183673,639.0,,,,899.0,,,
499,Heart of the Rabbit Gift Basket,True,,,,,,,,,,,
501,Valentine Charm,True,2023-11-20,1554.0,0.102304147,50.0,,,,1554.0,,,
504,Birthday Gift Basket,True,,,,,,,,,,,
516,Warpath Survival Kit,True,2023-07-08,4500001.0,310.366301124,1.0,,,,4500001.0,,,
517,Desert Horseshoe,True,2023-11-20,6020.0,0.396313364,78.0,,,,6020.0,,,
518,Essence of Destruction,True,2023-11-20,875796.0,57.656089532,3.0,,,,875796.0,,,
519,Flameshard,True,2023-11-20,5159.0,0.339631336,3164.0,,,,5159.0,,,
521,Heatproof Mage Cloth,True,2023-11-19,3274.0,0.214379256,310.0,,,,3274.0,,,
522,Oasis Bead,True,2023-11-20,211577.0,13.928703094,5.0,,,,211577.0,,,
524,Sandblasted Metal,True,2023-11-20,5297600.0,348.755760368,4.0,,,,5297600.0,,,
526,Sphynx Crystal,True,2023-11-20,318625.0,20.975971033,8.0,,,,318625.0,,,
535,Warpath Cavalry Charm,True,2023-11-20,9273.0,0.610467412,258.0,,,,9273.0,,,
537,Warpath Mage Charm,True,2023-11-20,8660.0,0.570111915,273.0,,,,8660.0,,,
541,Super Warpath Cavalry Charm,True,2023-11-20,20000.0,1.316655694,7.0,,,,20000.0,,,
542,Super Warpath Mage Charm,True,2023-11-20,12201.0,0.803225806,4.0,,,,12201.0,,,
546,Catacombs Survival Kit,True,2023-09-30,3999987.0,234.177565716,1.0,,,,3999987.0,,,
588,Spring Gift Basket 2011,True,,,,,,,,,,,
590,Undead Emmental,True,2023-11-20,650.0,0.04279131,10.0,,,,650.0,,,
592,Zombie Invasion Survival Kit,True,2023-02-22,24400000.0,1622.016884929,1.0,,,,24400000.0,,,
593,Muridae Gift Basket,True,2023-07-27,10495000.0,705.309139784,1.0,,,,10495000.0,,,
594,Muridae Mega Kit,True,,,,,,,,,,,
595,Muridae Supply Kit,True,2022-05-21,10000000.0,614.363826257,1.0,,,,10000000.0,,,
619,Lucky Hunting Kit,True,2023-05-01,4600000.0,321.745820801,1.0,,,,4600000.0,,,
620,Novice Starter Kit,False,2022-10-25,2805000.0,162.948762635,2.0,,,,2805000.0,,,
622,Derr Tribal Kit,True,2021-05-07,9900000.0,841.121495327,,,,,9900000.0,,,
623,Elub Tribal Kit,True,2020-09-24,4500000.0,359.884836852,,,,,4500000.0,,,
624,Mega Tribal Kit,True,,,,,,,,,,,
625,Nerg Tribal Kit,True,2021-11-12,8000000.0,575.663812333,,,,,8000000.0,,,
631,Library Gift Basket,True,2021-03-31,25000000.0,2164.314777941,,,,,25000000.0,,,
634,Library Supply Kit,True,,,,,,,,,,,
682,Mining Charm,True,2023-11-20,260.0,0.017116524,62.0,,,,260.0,,,
683,Extremely Enraged RhinoBot Skin,True,2023-11-08,9350000.0,600.398124959,1.0,,,,9350000.0,,,
684,Jet-Black ACRONYM Skin,True,2023-10-31,5900000.0,370.300633904,1.0,,,,5900000.0,,,
685,Larry's First Move Skin,True,2023-11-07,7000000.0,458.98629598,1.0,,,,7000000.0,,,
687,2011 Pumpkin Treat Basket,True,2023-11-20,94331.0,6.210072416,11.0,,,,94331.0,,,
689,Jumbo Halloween Goodie Bag,True,,,,,,,,,,,
700,Dreaded Charm,True,2023-11-20,4342.0,0.285845951,179.0,,,,4342.0,,,
701,Spooky Charm,True,2023-11-20,1719.0,0.113166556,224.0,,,,1719.0,,,
702,Costumed Ambush Skin,True,2023-11-16,300000.0,19.815059445,1.0,,,,300000.0,,,
703,Count Sentinel Skin,True,2023-11-18,2750.0,0.180020947,1.0,,,,2750.0,,,
704,Zugzwang's Night-Mare Skin,True,2023-11-19,88888.0,5.820324777,1.0,,,,88888.0,,,
705,2011 Spooky Supply Kit,True,2023-09-19,32999998.0,1921.061706834,1.0,,,,32999998.0,,,
723,Feta Gift Basket,True,2022-06-10,53000000.0,3707.84944732,1.0,,,,53000000.0,,,
731,Winter Survival Kit,True,2020-11-23,19999999.0,1562.133796766,,,,,19999999.0,,,
755,Winter Charm,True,2023-11-17,86984.0,5.610423116,1983.0,,,,86984.0,,,
756,Festive Box Trap Skin,True,2023-11-16,215999.0,14.26677675,1.0,,,,215999.0,,,
757,Digby DecroBot Skin,True,2023-11-10,75000.0,4.808617041,1.0,,,,75000.0,,,
758,Winter Oasis Trap Skin,True,2023-11-09,275000.0,17.882689556,1.0,,,,275000.0,,,
765,Festive Tournament Supply Kit,True,2021-08-06,38200000.0,3330.427201394,,,,,38200000.0,,,
775,Tournament Supply Kit,True,2023-05-30,4750000.0,325.677065478,2.0,,,,4750000.0,,,
788,Dragon Festival Celebration Kit,True,2020-11-13,39999999.0,3152.088179669,,,,,39999999.0,,,
789,Dragon Festival Gift Basket,True,2021-08-28,35250000.0,2812.126047068,,,,,35250000.0,,,
797,Dragonbreath ACRONYM Skin,True,2023-11-17,640000.0,41.279669762,1.0,,,,640000.0,,,
803,Chrome Charm,True,2023-11-20,1679.0,0.110533245,21830.0,,,,1679.0,,,
804,Tarnished Charm,True,2023-11-20,2109.0,0.138841342,1014.0,,,,2109.0,,,
805,&lt3 Gift Basket,True,2022-11-19,12650000.0,756.17191703,2.0,,,,12650000.0,,,
807,Party Giftbox,True,2021-08-27,20202020.0,1682.660336498,,,,,20202020.0,,,
809,Party-in-a-Box,True,2022-01-17,52800000.0,3688.696381165,1.0,,,,52800000.0,,,
832,Spring Gift Basket 2012,True,,,,,,,,,,,
833,Egg Hunting Kit,True,,,,,,,,,,,
852,Marshmallow Gift Basket,True,2023-03-26,80000000.0,5640.555594726,1.0,,,,80000000.0,,,
857,Shoreline Supplies,True,2020-11-12,4150000.0,330.308818847,,,,,4150000.0,,,
858,Slushy Crafting Kit,True,2023-11-20,6968517.0,458.756879526,9.0,,,,6968517.0,,,
880,Drilling Gift Set,True,2023-08-04,5500000.0,349.872773536,1.0,,,,5500000.0,,,
881,Iceberg Invasion Kit,True,,,,,,,,,,,
888,Drill Charge,True,2023-11-20,164393.0,10.822448979,15.0,,,,164393.0,,,
902,Frozen Sealed Bottle,True,2023-11-20,51000.0,3.357472021,1.0,,,,51000.0,,,
904,Athlete's Kit,True,2020-08-30,20570000.0,1680.143755615,,,,,20570000.0,,,
905,Training Gift Basket,True,2023-06-21,9944999.0,664.905997191,2.0,,,,9944999.0,,,
907,Runny Cheese,True,2023-11-20,6000.0,0.394996708,10.0,,,,6000.0,,,
920,Treasure Hunting Kit,True,2023-10-21,26400000.0,1649.690682996,1.0,,,,26400000.0,,,
922,Ancient Amulet,True,2023-11-17,599995.0,38.699367905,1.0,,,,599995.0,,,
926,Rare Map Dust,True,2023-11-20,5908691.0,388.98558262,53.0,,395.0,5400045.0,5908691.0,-691364.0,37.20999999999998,Yessu
929,Ancient Relic Trap Skin,True,2023-11-15,60000.0,3.927215604,1.0,,,,60000.0,,,
947,Candy Corn Ice Maiden Skin,True,2023-11-18,55000.0,3.600418957,1.0,,,,55000.0,,,
948,Horrific Pumpkin Trap Skin,True,2023-11-13,500000.0,32.197823427,1.0,,,,500000.0,,,
949,Lovecraft Shelf Skin,True,2023-11-19,60101.0,3.935371922,1.0,,,,60101.0,,,
950,Springer Skin,True,2023-11-16,4500.0,0.297225891,2.0,,,,4500.0,,,
951,Steam Maw Skin,True,2023-10-21,30000000.0,1874.648503405,1.0,,,,30000000.0,,,
952,The Thing That Ate The Bottomless Grave Skin,True,2023-11-15,60000.0,3.927215604,1.0,,,,60000.0,,,
955,Witch's Brew Trap Skin,True,2023-11-20,13000.0,0.855826201,1.0,,,,13000.0,,,
956,2012 Pumpkin Treat Basket,True,2023-11-04,28439.0,1.84537019,21.0,,,,28439.0,,,
958,Cursed City Charm Pack,True,2023-07-23,30000000.0,2084.925985127,1.0,,,,30000000.0,,,
961,Essence Collector Kit,True,,,,,,,,,,,
964,Living Garden Charm Pack,True,2023-07-13,10000000.0,703.97747272,1.0,,,,10000000.0,,,
965,Lost City Charm Pack,True,2021-05-28,4000000.0,342.289919561,,,,,4000000.0,,,
967,Sand Crypts Charm Pack,True,,,,,,,,,,,
968,Sand Dunes Charm Pack,True,2023-09-13,3600000.0,228.716645489,1.0,,,,3600000.0,,,
969,Twisted Essence Collector Kit,True,2023-08-17,22000000.0,1348.94843338,1.0,,,,22000000.0,,,
970,Twisted Garden Charm Pack,True,,,,,,,,,,,
999,Zugzwang's Leftover Rock,True,2023-11-04,125000000.0,8111.089481539,1.0,,,,125000000.0,,,
1060,New Year's Party Ball,True,2023-01-14,19000000.0,1314.424074714,1.0,,,,19000000.0,,,
1083,Cozy Cruise Gift Basket,True,2021-05-04,50000000.0,4318.908180012,,,,,50000000.0,,,
1084,Cruise Commander Crate,True,2023-03-24,48888888.0,3429.59579095,1.0,,,,48888888.0,,,
1103,Chocolate Covered Reaper's Perch Skin,True,2023-11-19,2998.0,0.196306966,2.0,,,,2998.0,,,
1104,Birthday Party Pack,True,2023-04-08,68000000.0,4826.802952867,1.0,,,,68000000.0,,,
1105,Super MechaParty Box,True,2021-08-27,39000000.0,3248.375812093,,,,,39000000.0,,,
1108,Blue Double Dewdrop Powder,True,2023-11-19,1100.0,0.072027239,1.0,,,,1100.0,,,
1109,Chrome MonstroBot Upgrade Kit,True,2023-11-20,25000000.0,1645.819618169,1.0,,,,25000000.0,,,
1110,Extra Coarse Salt,True,2023-11-18,14198.0,0.929431788,50.0,,,,14198.0,,,
1111,Red Double Dewdrop Powder,True,2023-11-19,3377.0,0.221123624,100.0,,,,3377.0,,,
1113,Yellow Double Dewdrop Powder,True,2023-11-19,3382.0,0.221451021,2.0,,,,3382.0,,,
1130,Blue Double Sponge Charm,True,2023-11-20,2420.0,0.159315339,45.0,,,,2420.0,,,
1131,Grubling Bonanza Charm,True,2023-11-20,14905.0,0.981237656,16.0,,,,14905.0,,,
1132,Red Double Sponge Charm,True,2023-11-20,14500.0,0.954575378,10.0,,,,14500.0,,,
1133,Safeguard Charm,True,2023-11-20,8200.0,0.539828834,500.0,,,,8200.0,,,
1134,Super Salt Charm,True,2023-11-20,36250.0,2.386438446,101.0,,,,36250.0,,,
1135,Yellow Double Sponge Charm,True,2023-11-20,14500.0,0.954575378,115.0,,,,14500.0,,,
1146,Spring Gift Basket,True,2021-03-31,20777777.0,1798.785992554,,,,,20777777.0,,,
1170,Bounty Trail Kit,True,2021-02-06,16000000.0,1325.6006628,,,,,16000000.0,,,
1171,Claw Shot Chest,True,,,,,,,,,,,
1173,Sheriff's Satchel,True,,,,,,,,,,,
1179,Sheriff's Badge Charm,True,2023-11-20,37000.0,2.435813034,9.0,,,,37000.0,,,
1188,Daredevil Canyon Train Pack,True,,,,,,,,,,,
1189,Entire Train Car,True,,,,,,,,,,,
1191,Raider River Train Pack,True,2021-08-07,20000000.0,1697.792869269,,,,,20000000.0,,,
1192,Supply Depot Train Pack,True,,,,,,,,,,,
1193,Heavy Train Trunk,True,,,,,,,,,,,
1198,Minuscule Photo Album,True,2023-11-16,100000.0,6.605019815,1.0,,,,100000.0,,,
1213,2013 Pumpkin Treat Basket,True,2023-11-07,25000.0,1.639236771,10.0,,,,25000.0,,,
1214,Haunted Treasure Hunting Kit,True,,,,,,,,,,,
1215,Ultimate Spooky Supply Bundle,True,,,,,,,,,,,
1221,Spooky Skin Pack,True,,,,,,,,,,,
1222,Brain Bits,True,2023-11-19,510.0,0.033394447,12.0,,,,510.0,,,
1236,Brain Charm,True,2023-11-20,240.0,0.015799868,34.0,,,,240.0,,,
1237,Ultimate Spooky Charm,True,2023-11-20,14906.0,0.981303489,1659.0,,,,14906.0,,,
1240,Haunted Arcanum Trap Skin,True,2023-11-10,2000000.0,128.229787779,1.0,,,,2000000.0,,,
1241,Spooky Mary O'Nette Skin,True,2023-11-10,52499.0,3.365967814,1.0,,,,52499.0,,,
1242,Scary S.L.A.C. II Skin,True,2023-11-20,35200.0,2.317314022,1.0,,,,35200.0,,,
1243,Ghostly Spiked Crusher Skin,True,2023-11-10,51100.0,3.276271077,1.0,,,,51100.0,,,
1248,Regal Gift Basket,True,2023-05-23,12490000.0,869.958905063,1.0,,,,12490000.0,,,
1252,Regal Charm,True,2023-11-20,6181.0,0.406912442,744.0,,,,6181.0,,,
1257,Bucket of Snowball Bocconcini,True,,,,,,,,,,,
1258,Festive Bundle,True,,,,,,,,,,,
1260,Festive Skin Pack #1,True,2021-09-04,6000000.0,494.926998267,,,,,6000000.0,,,
1261,Fort Builder's Lunchbox,True,,,,,,,,,,,
1262,Fort Builder's Construction Kit,True,,,,,,,,,,,
1271,Super Festive Bundle,True,,,,,,,,,,,
1272,Ultimate Festive Bundle,True,,,,,,,,,,,
1290,Snowball Charm,True,2023-11-20,1886.0,0.124160631,1500.0,,,,1886.0,,,
1291,Festive ACRONYM Skin,True,2023-11-19,295000.0,19.316396018,1.0,,,,295000.0,,,
1292,Festive Un-Raged RhinoBot Skin,True,2023-11-13,300000.0,19.318694056,1.0,,,,300000.0,,,
1293,Festive Phantasmic Oasis Trap Skin,True,2023-11-18,101000.0,6.611678449,1.0,,,,101000.0,,,
1294,Festive Sandtail Sentinel Skin,True,2023-11-20,1200.0,0.078999341,1.0,,,,1200.0,,,
1295,Festive S.L.A.C. II Skin,True,2023-11-08,150000.0,9.63205548,2.0,,,,150000.0,,,
1296,Festive Snow Sphynx Skin,True,2023-11-14,599999.0,38.265242346,1.0,,,,599999.0,,,
1297,Winter Steam Freezer Mk. III Skin,True,2023-11-18,100000.0,6.546216286,1.0,,,,100000.0,,,
1298,Festive Zugzwang's First Move Skin,True,2023-11-18,400000.0,26.184865147,1.0,,,,400000.0,,,
1299,2014 Party Pack,True,2023-06-21,50000000.0,3342.916360232,1.0,,,,50000000.0,,,
1301,New Year's Dimensional Chest Trap Skin,True,2023-11-17,5000.0,0.32249742,2.0,,,,5000.0,,,
1317,Hazmat Cleanup Kit,True,2023-09-29,19799999.0,1172.985722748,1.0,,,,19799999.0,,,
1318,Pollution Control Supply Kit,True,2023-11-18,165187.0,10.813498297,12.0,,,,165187.0,,,
1340,Rancid Radioactive Blue Cheese,True,2023-11-20,2293.0,0.150954575,599.0,,,,2293.0,,,
1341,Extreme Polluted Charm,True,2023-11-20,1001.0,0.065898617,3.0,,,,1001.0,,,
1342,Polluted Charm,True,2023-11-18,300.0,0.019638648,3.0,,,,300.0,,,
1343,Soap Charm,True,2023-11-20,23403.0,1.54068466,350.0,,,,23403.0,,,
1344,Super Polluted Charm,True,2023-11-18,250.0,0.01636554,6.0,,,,250.0,,,
1345,Ultimate Polluted Charm,True,2023-11-19,4399.0,0.288043478,1.0,,,,4399.0,,,
1347,Incinerated Garbage Bath Skin,True,2023-11-20,3333333.0,219.442593811,1.0,,,,3333333.0,,,
1348,Soapy Oasis Trap Skin,True,2023-11-14,10500000.0,669.642857142,1.0,,,,10500000.0,,,
1349,Soapy Phantasmic Oasis Trap Skin,True,2023-10-26,19000000.0,1205.430782895,1.0,,,,19000000.0,,,
1352,Horse Festival Celebration Kit,True,2022-02-01,39599999.0,2682.745003726,1.0,,,,39599999.0,,,
1353,Lunar Athletic Pack,True,,,,,,,,,,,
1358,Year of the Horse Gift Basket,True,2022-02-06,18989995.0,1342.998231966,1.0,,,,18989995.0,,,
1374,Entranced LoveBot Skin,True,2023-11-20,68888.0,4.535088874,1.0,,,,68888.0,,,
1375,Horsehead ACRONYM Skin,True,2023-10-31,20000000.0,1255.256386116,1.0,,,,20000000.0,,,
1389,M400 Sandstorm MonstroBot Skin,True,2023-11-19,66666.0,4.365243583,1.0,,,,66666.0,,,
1390,M400 Chrome MonstroBot Skin,True,2023-11-05,790000.0,50.905341839,1.0,,,,790000.0,,,
1393,Forgotten Art of Dance Skin Pack,True,2023-09-21,16610000.0,972.140934098,1.0,,,,16610000.0,,,
1396,Cupcake Party Tower,True,2022-05-14,20000000.0,1257.94075099,1.0,,,,20000000.0,,,
1397,Cupcake Party Tray,True,2021-01-05,25000000.0,2153.316106804,,,,,25000000.0,,,
1400,Sugar Rush in a Box,True,,,,,,,,,,,
1406,The Forgotten Art of Capoeira Skin,True,2023-11-15,1000.0,0.065453593,2.0,,,,1000.0,,,
1407,The Forgotten Art of Disco Dance Skin,True,2023-11-16,30000.0,1.981505944,2.0,,,,30000.0,,,
1408,The Forgotten Art of Dance Instruction Skin,True,2023-11-17,800.0,0.051599587,1.0,,,,800.0,,,
1409,The Forgotten Art of Riverdance Skin,True,2023-11-16,20500.0,1.354029062,2.0,,,,20500.0,,,
1415,Gnawnia Rift Gift Basket,True,2020-11-11,5000000.0,449.964002879,,,,,5000000.0,,,
1416,Gnawnia Rift Survival Kit,True,2021-09-22,30000000.0,2301.142900974,,,,,30000000.0,,,
1418,Rift Curd,True,2023-11-20,925.0,0.060895325,100.0,,,,925.0,,,
1426,Magical String Cheese,True,2023-11-20,19524.0,1.285319289,1393.0,,,,19524.0,,,
1430,Rift Charm,True,2023-11-20,1312.0,0.086372613,7540.0,,,,1312.0,,,
1432,Bonus Egg Hunting Kit,True,2022-04-14,27500000.0,1842.793004087,1.0,,,,27500000.0,,,
1457,Dimensional Egg Basket Trap Skin,True,2023-11-20,6999.0,0.46076366,3.0,,,,6999.0,,,
1458,Spring Arcanum Trap Skin,True,2023-11-20,5999.0,0.394930875,3.0,,,,5999.0,,,
1459,Airship Supply Kit,True,2023-06-16,5000000.0,340.182337733,1.0,,,,5000000.0,,,
1460,Dirigible Kit,True,2023-02-22,18000000.0,1196.569833144,1.0,,,,18000000.0,,,
1464,Chrome Oasis Upgrade Kit,True,2023-11-15,16500000.0,1079.984291137,1.0,,,,16500000.0,,,
1466,Powdered Bleach,True,2023-11-20,2405.0,0.158327847,360.0,,,,2405.0,,,
1474,Airship Charm,True,2023-11-20,3050.0,0.200789993,27.0,,,,3050.0,,,
1475,EMP400 Charm,True,2023-11-20,70867.0,4.665371955,17.0,,,,70867.0,,,
1476,Super Cactus Charm,True,2023-11-20,3989.0,0.262606978,1917.0,,,,3989.0,,,
1477,Super Soap Charm,True,2023-11-20,74280.0,4.890059249,7.0,,,,74280.0,,,
1478,Unstable Charm,True,2023-11-20,4635.0,0.305134957,772.0,,,,4635.0,,,
1479,Ancient Ancient Box Trap Skin,True,2023-11-12,250000.0,16.0,1.0,,,,250000.0,,,
1480,Angelic Reaper's Perch Skin,True,2023-11-16,1099999.0,72.655151915,1.0,,,,1099999.0,,,
1481,Magmatic Minotaur Sentinel Skin,True,2023-10-19,51111.0,3.13410596,1.0,,,,51111.0,,,
1482,Steam Immolator Skin,True,2023-11-18,500000.0,32.731081434,1.0,,,,500000.0,,,
1496,Diving Kit,True,,,,,,,,,,,
1499,Ocean Crafting Kit,True,,,,,,,,,,,
1500,Submersible Supplies,True,,,,,,,,,,,
1501,Sunken Gift Basket,True,2022-01-17,4400000.0,307.391365097,1.0,,,,4400000.0,,,
1506,Predatory Processor,True,2023-11-20,1289830.0,84.913100724,21.0,,,,1289830.0,,,
1508,Corrupt Trident,True,2023-11-14,185664.0,11.840816326,1.0,,,,185664.0,,,
1518,Coral Clockwork Portal Trap Skin,True,2023-10-24,1496042.0,93.925288799,1.0,,,,1496042.0,,,
1519,Coral Oasis Trap Skin,True,2023-11-10,3000000.0,192.344681669,1.0,,,,3000000.0,,,
1520,Coral Phantasmic Oasis Trap Skin,True,2023-11-11,5000000.0,317.581300813,1.0,,,,5000000.0,,,
1521,The Leviathan Skin,True,2023-11-14,2100000.0,133.928571428,1.0,,,,2100000.0,,,
1522,School of Friends Trap Skin,True,2023-10-14,7549997.0,449.458090248,1.0,,,,7549997.0,,,
1523,Seal Trap Skin,True,2023-11-08,12999999.0,834.778077441,1.0,,,,12999999.0,,,
1526,MEGA Tournament Supply Kit,True,2021-09-16,22000000.0,1686.082158185,,,,,22000000.0,,,
1531,Cryst-HAL Tower Skin,True,2023-11-04,5000.0,0.324443579,1.0,,,,5000.0,,,
1532,Burroughs Blackhole Box,True,2023-11-05,55555555.0,3579.841162446,1.0,,,,55555555.0,,,
1533,Burroughs Rift Crate,True,,,,,,,,,,,
1534,Magical Mist Basket,True,,,,,,,,,,,
1538,Calcified Rift Mist,True,2023-11-20,4763.0,0.313561553,18954.0,,,,4763.0,,,
1552,Rift Power Charm,True,2023-11-20,4938.0,0.32508229,120.0,,,,4938.0,,,
1556,2014 Pumpkin Treat Basket,True,2023-11-07,27111.0,1.777653924,10.0,,,,27111.0,,,
1559,Halloween Charm Bag,True,,,,,,,,,,,
1560,Halloween Pillowcase,True,,,,,,,,,,,
1564,Spooky Shuffle Pack,True,2023-11-20,5399999.0,355.496971691,5.0,,,,5399999.0,,,
1565,Spooky Skin Pack #2,True,,,,,,,,,,,
1575,Candy Charm,True,2023-11-18,7899.0,0.517085624,1.0,,,,7899.0,,,
1576,Super Spooky Charm,True,2023-11-20,2500.0,0.164581961,48.0,,,,2500.0,,,
1577,Shortcut Charm,True,2023-11-06,1999.0,0.130996068,15.0,,,,1999.0,,,
1578,Super Brain Charm,True,2023-11-19,1351.0,0.088462545,600.0,,,,1351.0,,,
1581,All Seeing Eye Skin,True,2023-11-19,37000.0,2.422734415,1.0,,,,37000.0,,,
1582,Haunted Spires Skin,True,2023-11-16,120000.0,7.926023778,1.0,,,,120000.0,,,
1583,Molten Oasis Trap Skin,True,2023-11-12,143000.0,9.152,1.0,,,,143000.0,,,
1584,Skeletal Rune Shark Trap Skin,True,2023-11-15,173800.0,11.375834533,1.0,,,,173800.0,,,
1585,The Spirit of Halloween Skin,True,2023-11-10,1500.0,0.09617234,1.0,,,,1500.0,,,
1590,Winter Builder Charm,True,2023-10-16,420000.0,25.345483072,1.0,,,,420000.0,,,
1591,Winter Hoarder Charm,True,2023-09-04,42000.0,2.442570514,39.0,,,,42000.0,,,
1592,Winter Miser Charm,True,2023-10-15,1501.0,0.089907157,3.0,,,,1501.0,,,
1593,Festive Skin Pack #2,True,2021-03-30,27500000.0,2366.202030631,,,,,27500000.0,,,
1594,Ice Fortress Hobbyist Case,True,,,,,,,,,,,
1595,Ice Fortress Craftsman Crate,True,,,,,,,,,,,
1596,Ice Fortress Starter Kit,True,,,,,,,,,,,
1598,Crystal Ice Tower Skin,True,2023-11-10,150000.0,9.617234083,1.0,,,,150000.0,,,
1599,Winter Helper's Perch,True,2023-11-20,5432.0,0.357603686,1.0,,,,5432.0,,,
1600,Sinister Winter Wreath Portal,True,2023-11-03,18888.0,1.21271268,1.0,,,,18888.0,,,
1601,Ice Fortress Pro Pack,True,,,,,,,,,,,
1608,Throwable Snowball Booster Pack,True,2023-11-19,8600000.0,563.122053431,1.0,,,,8600000.0,,,
1609,Winter Builder Charm Kit,True,,,,,,,,,,,
1610,Winter Hoarder Charm Kit,True,,,,,,,,,,,
1611,Winter Miser Charm Kit,True,,,,,,,,,,,
1628,2015 Party Pack,True,2023-11-09,19500000.0,1268.045259461,1.0,,,,19500000.0,,,
1629,2015 Charm,True,2023-11-19,122277.0,8.00661341,18.0,,,,122277.0,,,
1631,New Year's Party Portal Trap Skin,True,2023-11-17,120000.0,7.73993808,1.0,,,,120000.0,,,
1632,Tactical Zombie Gear,True,,,,,,,,,,,
1633,Whisker Rift Domination Box,True,,,,,,,,,,,
1634,Whisker Rift Hunting Kit,True,2021-08-27,1000000.0,83.291687489,,,,,1000000.0,,,
1635,Whisker Wicker Gift Basket,True,2021-09-19,19000000.0,1481.135017149,,,,,19000000.0,,,
1636,Woodsy Charm Bag,True,2021-11-25,20000000.0,1335.113484646,,,,,20000000.0,,,
1639,Rift Cherries,True,2023-11-19,25.0,0.001636982,232.0,,,,25.0,,,
1640,Rift-torn Roots,True,2023-11-19,14.0,0.00091671,239.0,,,,14.0,,,
1642,Sap-filled Thorns,True,2023-11-19,13.0,0.000851231,243.0,,,,13.0,,,
1648,Cherry Charm,True,2023-11-20,3224.0,0.212244897,420.0,,,,3224.0,,,
1649,Gnarled Charm,True,2023-11-20,2831.0,0.186372613,433.0,,,,2831.0,,,
1652,Stagnant Charm,True,2023-11-20,2930.0,0.192890059,282.0,,,,2930.0,,,
1655,Be Mine Big Box,True,2020-10-11,44000000.0,3462.658377272,,,,,44000000.0,,,
1659,Chocolate Box Trap Skin,True,2023-11-07,484000.0,31.735623893,1.0,,,,484000.0,,,
1660,The Heart Stopper Skin,True,2023-11-17,130000.0,8.38493292,2.0,,,,130000.0,,,
1661,Sheep Festival Jumbo Kit,True,,,,,,,,,,,
1662,Year of the Sheep Gift Basket,True,2020-12-26,15000000.0,1281.28470146,,,,,15000000.0,,,
1670,Focused Ram Eye Laser Skin,True,2023-10-30,1000100.0,62.784857806,2.0,,,,1000100.0,,,
1671,Ram Shrine Crystal Laser Skin,True,2023-10-14,745978.0,44.408739135,1.0,,,,745978.0,,,
1678,Cupcake Combo Kit,True,2020-11-17,7000000.0,552.922590837,,,,,7000000.0,,,
1688,Cupcake Charm,True,2023-11-20,3900.0,0.25674786,2.0,,,,3900.0,,,
1689,Candle Chrome MonstroBot Skin,True,2023-11-20,5002.0,0.329295589,1.0,,,,5002.0,,,
1690,Chesla's Flame 'n' Fire Birthday Skin,True,2023-11-10,9999.0,0.641084824,1.0,,,,9999.0,,,
1691,Lucky Clover Kit,True,2021-03-24,8888888.0,764.175378266,,,,,8888888.0,,,
1698,Eggstra Charge Charm Kit,True,2022-04-19,149600000.0,10182.412197114,1.0,,,,149600000.0,,,
1715,Egg Basket Box Trap Skin,True,2023-11-19,7000.0,0.458355159,2.0,,,,7000.0,,,
1716,Spring Hunt Shark Trap Skin,True,2023-11-19,1700.0,0.111314824,2.0,,,,1700.0,,,
1717,Glowing Gruyere Kit,True,,,,,,,,,,,
1718,Nightshade Basket,True,,,,,,,,,,,
1719,Nightshade Kit,True,2020-08-27,3000001.0,245.881567084,,,,,3000001.0,,,
1720,Underground Exploration Kit,True,,,,,,,,,,,
1733,Glowing Gruyere Cheese,True,2023-11-20,15596.0,1.02672811,5135.0,,1.0,13671.0,15596.0,-1113.0,0.1399999999999999,Yessu
1735,Diamond Boost Charm,True,2023-11-19,4007.0,0.262375589,28.0,,,,4007.0,,,
1736,Gemstone Boost Charm,True,2023-11-20,6498.0,0.427781435,80.0,,,,6498.0,,,
1737,Nightshade Farming Charm,True,2023-11-20,1452.0,0.095589203,1754.0,,,,1452.0,,,
1738,Spore Charm,True,2023-11-20,1398.0,0.092034233,1002.0,,,,1398.0,,,
1739,Super Spore Charm,True,2023-11-20,3037.0,0.199934167,863.0,,,,3037.0,,,
1740,Ultimate Spore Charm,True,2023-11-20,50120.0,3.29953917,2581.0,,,,50120.0,,,
1741,Fungal Gemstone Crucible Trap Skin,True,2023-11-06,21999999.0,1441.677522935,1.0,,,,21999999.0,,,
1742,Gemstone Shark Skin,True,2023-11-16,8000000.0,528.401585204,1.0,,,,8000000.0,,,
1743,Nightshade Farming Kit,True,2020-08-27,11000000.0,901.565445455,,,,,11000000.0,,,
1761,Jumbo Treasure Hunting Kit,True,2023-11-17,50000000.0,3224.974200206,1.0,,,,50000000.0,,,
1819,Shielding Charm,True,2023-11-20,837.0,0.05510204,214.0,,,,837.0,,,
1824,Dragon Scale Ice Maiden Skin,True,2023-11-13,450000.0,28.978041084,1.0,,,,450000.0,,,
1825,Shattered Arcanum Trap Skin,True,2023-11-16,255000.0,16.842800528,1.0,,,,255000.0,,,
1826,Treasured Crystal Crucible Trap Skin,True,2023-11-16,550000.0,36.327608982,1.0,,,,550000.0,,,
1827,Chrome Sphynx Wrath Upgrade Kit,True,2023-11-16,31970000.0,2111.624834874,1.0,,,,31970000.0,,,
1828,Heavy Gold,True,2023-11-20,24500.0,1.612903225,39.0,,,,24500.0,,,
1829,Mini Maelstrom,True,2023-11-20,40000.0,2.633311389,2.0,,,,40000.0,,,
1831,Spiked Metal,True,2023-11-20,8970.0,0.590520078,1.0,,,,8970.0,,,
1835,Gargantua Charm,True,2023-11-20,18979.0,1.249440421,14.0,,,,18979.0,,,
1836,Golden Anchor Charm,True,2023-11-20,29362.0,1.932982225,183.0,,,,29362.0,,,
1837,Oxygen Burst Charm,True,2023-11-20,1999.0,0.131599736,94.0,,,,1999.0,,,
1838,Smart Water Jet Charm,True,2023-11-20,696702.0,45.865832784,47.0,,,,696702.0,,,
1839,Spiked Anchor Charm,True,2023-11-20,15417.0,1.014944042,126.0,,,,15417.0,,,
1840,Super Wealth Charm,True,2023-11-20,6214.0,0.409084924,813.0,,,,6214.0,,,
1841,Rift Super Vacuum Charm,True,2023-11-20,2199.0,0.144766293,770.0,,,,2199.0,,,
1843,Trawler Gift Basket,True,2020-09-08,42020000.0,3352.481250997,,,,,42020000.0,,,
1846,Ultimate Anchor Charm,True,2023-11-20,1256666.0,82.729822251,12.0,,,,1256666.0,,,
1847,Adventure Gift Basket,True,2023-10-19,24000000.0,1471.670345842,1.0,,,,24000000.0,,,
1848,Grand Adventure Kit,True,,,,,,,,,,,
1883,Glowing Gruyere Gift Basket,True,2022-10-10,11000000.0,584.329349269,1.0,,,,11000000.0,,,
1884,Labyrinth Exploration Kit,True,,,,,,,,,,,
1885,Shuffler's Kit,True,2023-11-18,7949899.0,520.417583136,2.0,,,,7949899.0,,,
1893,Enigmatic Core,True,2023-11-20,450500.0,29.657669519,2.0,,,,450500.0,,,
1903,"Really, Really Shiny Precious Gold",True,2023-11-20,65777.0,4.33028308,36.0,,,,65777.0,,,
1908,Temporal Shadow Plate,True,2023-11-20,20000000.0,1316.655694535,1.0,,,,20000000.0,,,
1924,Labyrinth Treasure Hunting Kit,True,2022-06-15,26500000.0,1838.617914382,1.0,,,,26500000.0,,,
1926,2015 Halloween Skin Pack,True,,,,,,,,,,,
1927,Spooky Shuffle Bonanza Box,True,2021-07-04,55000000.0,4478.098029636,,,,,55000000.0,,,
1931,2015 Pumpkin Treat Basket,True,2023-11-07,220000.0,14.425283587,1.0,,,,220000.0,,,
1943,Spooky Endless Labyrinth Trap Skin,True,2023-11-13,175000.0,11.269238199,1.0,,,,175000.0,,,
1945,Pollutinum Wealth Chest,True,2023-11-15,1500000.0,98.180390103,2.0,,,,1500000.0,,,
1952,Super Sudsy Cleanup Kit,True,,,,,,,,,,,
1966,Empowered Brie,True,2023-11-20,1263.0,0.083146807,1189.0,,,,1263.0,,,
1967,Empowered SUPER|brie+,True,2023-11-20,18627.0,1.226267281,1065.0,,,,18627.0,,,
1969,Noxious School of Sharks Skin,True,2023-11-07,13100000.0,858.960068192,1.0,,,,13100000.0,,,
1971,Jumbo Regal Gift Basket,True,2023-09-13,40000000.0,2541.296060991,1.0,,,,40000000.0,,,
1982,Super Regal Charm,True,2023-11-20,10476.0,0.689664252,18.0,,,,10476.0,,,
1986,Asiago Gift Basket,True,,,,,,,,,,,
1993,Tobogganer's Big Box,True,,,,,,,,,,,
1994,Ultimate Festive Kit,True,,,,,,,,,,,
2001,School of Secret Santa Sharks Skin,True,2023-11-19,397000.0,25.995285489,1.0,,,,397000.0,,,
2002,Infinite Winter Wreath Trap Skin,True,2023-11-04,592999.0,38.478943611,1.0,,,,592999.0,,,
2005,2016 Party Pack,True,2023-09-30,20000000.0,1170.891633979,1.0,,,,20000000.0,,,
2009,2016 Charm,True,2023-11-18,30996.0,2.0290652,1.0,,,,30996.0,,,
2010,New Year's Endless Labyrinth Trap Skin,True,2023-11-10,988888.0,63.402449188,1.0,,,,988888.0,,,
2011,Monkey Festival Jumbo Kit,True,,,,,,,,,,,
2012,Year of the Monkey Gift Basket,True,2020-12-26,25802467.0,2204.020415136,,,,,25802467.0,,,
2013,Labyrinth of Monkeys Trap Skin,True,2023-10-20,1095665.0,67.813641146,1.0,,,,1095665.0,,,
2014,Monkey Focused Crystal Laser Skin,True,2023-09-24,20888889.0,1234.349051586,,,,,20888889.0,,,
2015,Monkey Multi-Crystal Laser Skin,True,2023-11-02,22600000.0,1463.067262251,1.0,,,,22600000.0,,,
2016,Labyrinth of Love Trap Skin,True,2023-11-18,56949.0,3.728004713,2.0,,,,56949.0,,,
2025,Labyrinth Puzzle Box Recovery Kit,True,2021-11-13,35000000.0,2483.502448023,,,,,35000000.0,,,
2032,Puzzle Box Infinite Labyrinth Trap Skin,True,2023-11-17,165500.0,10.674664602,2.0,,,,165500.0,,,
2033,Extra Sweet Gift Basket,True,,,,,,,,,,,
2034,Extra Sweet Combo Kit,True,,,,,,,,,,,
2035,Sprinkling Kit,True,,,,,,,,,,,
2036,Rare Cupcake Sprinkles,True,2023-11-04,350000.0,22.711050548,1.0,,,,350000.0,,,
2038,Extra Sweet Cupcake Charm,True,2023-11-20,4501.0,0.296313364,2.0,,,,4501.0,,,
2039,Cupcake Endless Labyrinth Trap Skin,True,2023-11-20,3000.0,0.197498354,1.0,,,,3000.0,,,
2040,Chrome Fat Cat Skin,True,2023-11-18,80000.0,5.236973029,1.0,,,,80000.0,,,
2052,Lucky Rainbow Kit,True,2022-08-08,22222222.0,1319.061079123,1.0,,,,22222222.0,,,
2071,Spring Hunt Endless Labyrinth Trap Skin,True,2023-11-20,94820.0,6.242264647,1.0,,,,94820.0,,,
2072,Spring Hunt Focused Crystal Laser Skin,True,2023-11-17,99999.0,6.4498839,1.0,,,,99999.0,,,
2073,Spring Hunt Multi-Crystal Laser Skin,True,2023-11-14,859000.0,54.783163265,1.0,,,,859000.0,,,
2074,Oil Showers Kit,True,2020-08-23,20000000.0,1618.515820992,,,,,20000000.0,,,
2075,Poison Flowers Kit,True,,,,,,,,,,,
2076,Furoma Rift Crafting Kit,True,2021-02-25,30000000.0,2642.47335506,,,,,30000000.0,,,
2077,Furoma Rift Enerchi Pack,True,,,,,,,,,,,
2078,Furoma Rift Gift Bento Box,True,2021-06-30,7500000.0,615.409862968,,,,,7500000.0,,,
2079,Jumbo Furoma Rift Crafting Kit,True,2020-11-21,5500000.0,437.549721559,,,,,5500000.0,,,
2080,Maki String Cheese,True,2023-11-20,26517.0,1.745687952,206.0,,,,26517.0,,,
2081,Enerchi Charm,True,2023-11-20,3760.0,0.24753127,2558.0,,,,3760.0,,,
2115,Rift Treasure Hunting Basket,True,2021-10-15,18000000.0,1263.867434349,,,,,18000000.0,,,
2119,Ascended Elder's Glasses,True,2023-11-16,777777.0,51.372324966,1.0,,,,777777.0,,,
2122,Ronza's Diving Supply Ship,True,2022-12-02,55000000.0,3272.056636325,1.0,,,,55000000.0,,,
2123,Ronza's Fungal Supply Ship,True,2023-07-12,33000000.0,2320.022497187,1.0,,,,33000000.0,,,
2124,Ronza's Gauntlet Supply Ship,True,2023-08-05,15000000.0,948.406676783,1.0,,,,15000000.0,,,
2125,Ronza's Labyrinth Supply Ship,True,2023-07-17,27500000.0,1956.320694315,1.0,,,,27500000.0,,,
2126,Ronza's Living Garden Supply Ship,True,2022-05-31,11000000.0,749.063670411,1.0,,,,11000000.0,,,
2127,2016 Ronza's Rift Supply Ship,True,,,,,,,,,,,
2128,Ronza's Tribal Supply Ship,True,2020-09-01,15000000.0,1226.492232215,,,,,15000000.0,,,
2132,Enriched Cavern Soil,True,2023-11-19,5999.0,0.392810371,1.0,,,,5999.0,,,
2133,Magnetic Charm Chunk,True,2023-11-18,15086.0,0.987562189,102.0,,,,15086.0,,,
2139,Compass Magnet Charm,True,2023-11-20,39573.0,2.605200789,368.0,,,,39573.0,,,
2140,Crucible Cloning Charm,True,2023-11-18,48545.0,3.177860696,33.0,,,,48545.0,,,
2141,Extreme Wealth Charm,True,2023-11-20,18200.0,1.198156682,349.0,,,,18200.0,,,
2142,Lantern Oil Charm,True,2023-11-20,64163.0,4.224028966,258.0,,,,64163.0,,,
2143,Super Nightshade Farming Charm,True,2023-11-20,25850.0,1.701777485,19.0,,,,25850.0,,,
2144,Bamboo Mysteriously unYielding Null-Onyx Rampart of Cascading Amperes Skin,True,2023-10-28,200000.0,12.345679012,1.0,,,,200000.0,,,
2145,Infinite Laser Trap Skin,True,2023-11-15,2000000.0,130.907186804,1.0,,,,2000000.0,,,
2157,Gilded Scroll Case,True,2023-11-17,26444444.0,1705.652992776,1.0,,,,26444444.0,,,
2174,Gilded Charm,True,2023-11-20,37288.0,2.454772876,681.0,,,,37288.0,,,
2175,Gilded M.Y.N.O.R.C.A. Skin,True,2023-11-18,238000.0,15.579994763,1.0,,,,238000.0,,,
2176,Gilded NVMRC Forcefield Trap Skin,True,2023-11-18,242000.0,15.841843414,1.0,,,,242000.0,,,
2177,Gilded Sandtail Sentinel Skin,True,2023-11-19,400000.0,26.191723415,1.0,,,,400000.0,,,
2178,Competitor's Kit,True,,,,,,,,,,,
2179,Games Gift Basket,True,,,,,,,,,,,
2180,Torch Charm,True,2023-11-19,21000.0,1.375065479,3.0,,,,21000.0,,,
2185,Royal Week 5 Challenge Supply Kit,True,,,,,,,,,,,
2186,Royal Week 1 Challenge Supply Kit,True,,,,,,,,,,,
2187,Royal Week 4 Challenge Supply Kit,True,,,,,,,,,,,
2188,Royal Week 2 Challenge Supply Kit,True,,,,,,,,,,,
2189,Royal Week 3 Challenge Supply Kit,True,2021-11-13,30000000.0,2128.71638402,,,,,30000000.0,,,
2190,2016 Halloween Skin Pack,True,,,,,,,,,,,
2191,2016 Pumpkin Treat Basket,True,2023-11-20,80009.0,5.267215273,10.0,,,,80009.0,,,
2192,Battery Gift Basket,True,,,,,,,,,,,
2195,Flashlight Treasure Kit,True,,,,,,,,,,,
2202,Spooky Shuffle Ticket Box,True,,,,,,,,,,,
2210,Pillow-S.L.A.C. II Skin,True,2023-11-14,530000.0,33.801020408,1.0,,,,530000.0,,,
2212,Fort Rox Gift Basket,True,,,,,,,,,,,
2213,Fort Rox Supply Kit,True,2020-09-24,25000000.0,1999.360204734,,,,,25000000.0,,,
2219,Animatronic Bird,True,2023-11-20,29614.0,1.949572086,4.0,,,,29614.0,,,
2220,Tower Mana,True,2023-11-20,8886.0,0.584990125,1053.0,,,,8886.0,,,
2222,Silver Bolt,True,2023-11-20,141481.0,9.314088215,86.0,,,,141481.0,,,
2226,Crescent Cheese,True,2023-11-20,1273.0,0.083805134,1630.0,,,,1273.0,,,
2230,Festive Skin Pack 2016,True,,,,,,,,,,,
2231,Great Winter Hunt Gift Basket,True,,,,,,,,,,,
2232,Great Winter Hunt Supply Kit,True,,,,,,,,,,,
2233,Large Great Winter Hunt Supply Kit,True,,,,,,,,,,,
2248,Festive Anchor Charm,True,2023-11-19,4002.0,0.262048192,3.0,,,,4002.0,,,
2249,Droid Arch Santa Trap Skin,True,2023-11-18,638000.0,41.76485991,1.0,,,,638000.0,,,
2250,Festive Temporal Turbine Skin,True,2023-11-19,100000.0,6.547930853,1.0,,,,100000.0,,,
2251,Candy Cane Crossbow Trap Skin,True,2023-11-19,880000.0,57.621791513,1.0,,,,880000.0,,,
2252,Grand Wreath Arcanum Trap Skin,True,2023-11-17,850000.0,54.824561403,1.0,,,,850000.0,,,
2254,2017 Party Pack,True,2020-11-17,5060000.0,399.684044233,,,,,5060000.0,,,
2262,2017 Charm,True,2023-11-19,13699.0,0.897001047,1.0,,,,13699.0,,,
2263,New Year's S.L.A.C. II Trap Skin,True,2023-11-10,300000.0,19.234468166,1.0,,,,300000.0,,,
2264,Year of the Rooster Gift Basket,True,2023-08-17,24444445.0,1498.831626709,1.0,,,,24444445.0,,,
2265,Year of the Rooster Supply Kit,True,,,,,,,,,,,
2272,Rooster Archmagus Trap Skin,True,2023-10-14,39999999.0,2381.235801881,1.0,,,,39999999.0,,,
2274,Lovely Valentine Bouquet,True,2021-12-11,49999999.0,3438.789477303,1.0,,,,49999999.0,,,
2275,Lucky Valentine Charm,True,2023-11-20,5789.0,0.38110599,50.0,,,,5789.0,,,
2276,Crystal Heart M.Y.N.O.R.C.A. Skin,True,2023-11-18,82161.0,5.378436763,1.0,,,,82161.0,,,
2280,Sprinkly Sprinkling Kit,True,,,,,,,,,,,
2281,Sprinkly Sweet Gift Basket,True,,,,,,,,,,,
2282,Sprinkly Sweet Combo Kit,True,2022-03-07,800000.0,55.474655016,1.0,,,,800000.0,,,
2286,Sprinkly Sweet Cupcake Charm,True,2023-11-20,6000.0,0.394996708,3.0,,,,6000.0,,,
2287,Sprinkly Sorcerer Trap Skin,True,2023-11-17,200000.0,12.8998968,1.0,,,,200000.0,,,
2290,Sunrise Cheese,True,2023-11-20,186644.0,12.287294272,71.0,,,,186644.0,,,
2293,Fort Rox Treasure Hunting Kit,True,2023-02-05,38500000.0,2704.031465093,1.0,,,,38500000.0,,,
2296,Fort Rox Portal Console,True,2023-11-20,3558333.0,234.254970375,6.0,,,,3558333.0,,,
2297,Fort Rox Portal Core,True,2023-11-20,4052360.0,266.778143515,8.0,,,,4052360.0,,,
2321,Undead String Emmental,True,2023-11-19,3550.0,0.232451545,203.0,,,,3550.0,,,
2322,Rift Antiskele Charm,True,2023-11-20,7682.0,0.505727452,218.0,,,,7682.0,,,
2325,Bristle Woods Rift Gift Basket,True,2023-09-28,6225359.0,368.255486542,1.0,,,,6225359.0,,,
2326,Bristle Woods Rift Supply Kit,True,2021-12-07,13200000.0,881.292562424,1.0,,,,13200000.0,,,
2336,Portal Rekindling Key,True,2023-11-20,11898.0,0.783278472,6.0,,,,11898.0,,,
2337,Quantum Quartz,True,2023-11-20,9401.0,0.618894009,655.0,,,,9401.0,,,
2338,Portal Scrambler,True,2023-11-20,106889.0,7.036800526,156.0,,,,106889.0,,,
2340,Timesplit Rune,True,2023-11-20,2888093.0,190.131204739,16.0,,,,2888093.0,,,
2343,Ancient String Cheese,True,2023-11-20,14925.0,0.982554312,3039.0,,,,14925.0,,,
2346,Rift Luck Charm,True,2023-11-20,4500.0,0.296247531,150.0,,,,4500.0,,,
2347,Rift Super Luck Charm,True,2023-11-20,6448.0,0.424489795,23.0,,,,6448.0,,,
2348,Timesplit Charm,True,2023-11-19,214374.0,14.037061288,28.0,,,,214374.0,,,
2354,Bristle Woods Rift Treasure Hunting Kit,True,2021-01-24,6500000.0,555.460605024,,,,,6500000.0,,,
2363,Rift Extreme Luck Charm,True,2023-11-20,8941.0,0.588610928,380.0,,,,8941.0,,,
2364,Rift Wealth Charm,True,2023-11-20,1770.0,0.116524028,68.0,,,,1770.0,,,
2365,Magical Cleanup Kit,True,2022-06-28,22000000.0,1392.228831793,1.0,,,,22000000.0,,,
2366,Sudsy Gift Basket,True,2021-08-27,11111.0,0.925453939,,,,,11111.0,,,
2369,Magical Rancid Radioactive Blue Cheese,True,2023-11-20,23077.0,1.519223173,233.0,,,,23077.0,,,
2370,Polluted Chrome Monstrobot Skin,True,2023-10-30,16800000.0,1054.680143135,1.0,,,,16800000.0,,,
2385,2017 Ronza's Rift Supply Ship,True,2021-05-09,54388888.0,4593.656081081,,,,,54388888.0,,,
2386,Chrome Temporal Turbine Upgrade Kit,True,2023-11-20,41000000.0,2699.144173798,1.0,,,,41000000.0,,,
2396,Nightlight Charm,True,2023-11-20,1498.0,0.098617511,95.0,,,,1498.0,,,
2397,Rift Airship Charm,True,2023-11-20,6302.0,0.414878209,9.0,,,,6302.0,,,
2398,Super Enerchi Charm,True,2023-11-20,15656.0,1.030678077,309.0,,,,15656.0,,,
2399,Ultimate Wealth Charm,True,2023-11-20,45269.0,2.980184331,723.0,,,,45269.0,,,
2400,Dissonance Dirigible Trap Skin,True,2023-11-09,1599999.0,104.044674209,1.0,,,,1599999.0,,,
2401,Gilded Interdimensional Crossbow Trap Skin,True,2023-11-14,1999999.0,127.550956632,1.0,,,,1999999.0,,,
2402,Glacier Ice Maiden Skin,True,2023-10-14,413754.0,24.631146565,2.0,,,,413754.0,,,
2403,Overgrown S.L.A.C. II Skin,True,2023-11-03,999999.0,64.205393258,1.0,,,,999999.0,,,
2404,Summer M.Y.N.O.R.C.A. Skin,True,2023-11-09,500000.0,32.513981011,1.0,,,,500000.0,,,
2420,Warpath Treasure Hunting Kit,True,2023-08-29,10000000.0,599.197075918,1.0,,,,10000000.0,,,
2422,Warpath Portal Console,True,2023-11-20,4226301.0,278.229163923,3.0,,,,4226301.0,,,
2423,Warpath Portal Core,True,2023-11-20,4600000.0,302.830809743,1.0,,,,4600000.0,,,
2430,Moussu Picchu Gift Basket,True,,,,,,,,,,,
2431,Moussu Picchu Supply Kit,True,2022-06-26,27500000.0,1789.781972014,1.0,,,,27500000.0,,,
2435,Ful'Mina's Tooth,True,2023-11-20,4508103.0,296.780974325,48.0,,310.0,4238010.0,4508103.0,-671687.0,19.75999999999999,Yessu
2437,Fire Bowl Fuel,True,2023-11-20,40032.0,2.635418038,1112.0,,2.7,36911.700000000004,40032.0,-5082.0,0.22999999999999998,Yessu
2445,Frosted Dragonvine Ballista Trap Skin,True,2023-10-16,3000001.0,181.039225152,1.0,,,,3000001.0,,,
2447,2017 Halloween Skin Pack,True,2021-02-04,333666999.0,27819.492996498,,,,,333666999.0,,,
2451,Ghastly Gift Basket,True,2022-09-14,29999999.0,1677.477018564,1.0,,,,29999999.0,,,
2452,Spooky Supply Kit,True,2023-06-21,30000000.0,2005.749816139,1.0,,,,30000000.0,,,
2464,Haunted Dragonslime Ballista Trap Skin,True,2023-11-15,12010009.0,786.098245843,1.0,,,,12010009.0,,,
2465,Ghostship Lollipop Trap Skin,False,,,,,,,,,,,
2472,Small Power Charm,True,2023-11-20,350.0,0.023041474,2.0,,,,350.0,,,
2478,Moussu Picchu Treasure Hunting Kit,True,,,,,,,,,,,
2489,Festive Skin Pack 2017,True,,,,,,,,,,,
2494,Snow Golem Gift Basket,True,2021-08-25,11000000.0,911.65257749,,,,,11000000.0,,,
2495,Snow Golem Supply Box,True,,,,,,,,,,,
2496,Stuffed Snow Golem Stocking,True,,,,,,,,,,,
2497,Snow Golem Treasure Hunting Kit,True,,,,,,,,,,,
2509,Festive Summoning Bell,True,2023-11-19,4400000.0,288.108957569,3.0,,,,4400000.0,,,
2510,Magical Holiday Hat,True,2023-11-20,4000000.0,263.331138907,1.0,,,,4000000.0,,,
2523,Extreme Snowball Charm,True,2023-11-19,9500.0,0.622053431,200.0,,,,9500.0,,,
2526,Let It Snow Charm,True,2023-11-14,173799.0,11.084119897,97.0,,,,173799.0,,,
2527,Super Snowball Charm,True,2023-11-20,3190.0,0.210006583,100.0,,,,3190.0,,,
2528,Ultimate Snowball Charm,True,2023-11-20,15272.0,1.005398288,2178.0,,,,15272.0,,,
2529,Blizzard Ballista Trap Skin,True,2023-11-19,11550.0,0.756286013,1.0,,,,11550.0,,,
2530,Festive Droid Archmagus Trap Skin,True,2023-11-12,900000.0,57.6,1.0,,,,900000.0,,,
2531,Winter Wasteland Dissonance Trap Skin,True,2023-11-16,270000.0,17.8335535,2.0,,,,270000.0,,,
2534,2018 Party Pack,True,2022-12-03,11111111.0,654.788791325,1.0,,,,11111111.0,,,
2535,Golem Builder Party Pack,True,,,,,,,,,,,
2539,2018 Charm,True,2023-11-19,4200.0,0.275013095,1000.0,,,,4200.0,,,
2540,Extreme Regal Supply Kit,True,2021-09-20,19400000.0,1504.342431761,,,,,19400000.0,,,
2542,Extreme Regal Charm,True,2023-11-20,24252.0,1.596576695,1315.0,,,,24252.0,,,
2544,Year of the Dog Gift Basket,True,,,,,,,,,,,
2545,Year of the Dog Large Supply Kit,True,,,,,,,,,,,
2546,Year of the Dog Supply Kit,True,,,,,,,,,,,
2549,Mandarin Citrus Labyrinth Trap Skin,True,2023-11-10,28888888.0,1852.207988715,1.0,,,,28888888.0,,,
2550,Valentine Heart Core Trap Skin,True,2023-11-17,22222222.0,1433.321852425,1.0,,,,22222222.0,,,
2551,Winter Cup Dissonance Trap Skin,True,2023-11-17,3333333.0,214.998258513,1.0,,,,3333333.0,,,
2555,Doggy Droid Trap Skin,True,2023-11-20,75000.0,4.937458854,1.0,,,,75000.0,,,
2558,2018 Gilded Birthday Scroll Case,True,2023-03-09,100000000.0,7005.253940455,1.0,,,,100000000.0,,,
2565,10th Birthday Gift Basket,True,2022-10-16,5000000.0,286.631506535,1.0,,,,5000000.0,,,
2566,10th Birthday Duffle Bag,True,,,,,,,,,,,
2567,Gilded Time Traveler's Scroll Case,True,2023-07-16,75000000.0,5325.191706901,1.0,,,,75000000.0,,,
2583,Reality Restitch Charm,True,2023-11-09,60625.0,3.942320197,8.0,,,,60625.0,,,
2585,Meteor Cupcake Core Trap Skin,True,2023-11-19,37533.0,2.457634887,1.0,,,,37533.0,,,
2586,10th Birthday Storm Wrought Ballista Trap Skin,True,2023-11-18,20000.0,1.309243257,1.0,,,,20000.0,,,
2594,Egg Hunter Supply Kit,True,,,,,,,,,,,
2605,"Crouching Rabbit, Hidden Sphynx Skin",True,2023-11-15,21913262.0,1434.301741065,1.0,,,,21913262.0,,,
2606,Spring Eggsplit Dissonance Trap Skin,True,2023-11-16,15000000.0,990.752972258,1.0,,,,15000000.0,,,
2610,Wild Gift Basket,True,2022-06-26,3300000.0,214.773836641,1.0,,,,3300000.0,,,
2611,Wild Supply Kit,True,2022-06-26,23100000.0,1503.416856492,1.0,,,,23100000.0,,,
2619,Wild Tonic,True,2023-11-20,76100.0,5.009874917,628.0,,,,76100.0,,,
2631,Ember Charm,True,2023-11-20,887966.0,58.457274522,234.0,,,,887966.0,,,
2632,Queso Pump Charm,True,2023-11-20,10994.0,0.723765635,3439.0,,,,10994.0,,,
2641,Ronza's Fort Rox Supply Ship,True,,,,,,,,,,,
2642,Ronza's Moussu Picchu Supply Ship,True,2022-12-11,25000000.0,1614.987080103,1.0,,,,25000000.0,,,
2643,Ronza's Queso Canyon Supply Ship,True,2023-09-16,39400000.0,2301.805222877,1.0,,,,39400000.0,,,
2644,Chrome Storm Wrought Ballista Upgrade Kit,True,2023-11-20,27500000.0,1810.401579986,1.0,,,,27500000.0,,,
2651,Super Dragonbane Charm,True,2023-11-20,29797.0,1.961619486,144.0,,,,29797.0,,,
2652,Super Lantern Oil Charm,True,2023-11-20,161152.0,10.609084924,241.0,,,,161152.0,,,
2653,Super Queso Pump Charm,True,2023-11-18,99138.0,6.489787902,58.0,,,,99138.0,,,
2654,Icefire Turbo Turbine Trap Skin,True,2023-11-11,2649733.0,168.301130589,1.0,,,,2649733.0,,,
2655,Phantom Hot Springs Trap Skin,True,2023-10-23,555500.0,34.655936115,1.0,,,,555500.0,,,
2656,Tribal Law Trap Skin,True,2023-11-16,3456789.0,228.321598414,1.0,,,,3456789.0,,,
2662,Gilded Scavenger Hunt Scroll Case,True,2023-11-15,26000000.0,1701.793428459,1.0,,,,26000000.0,,,
2670,Rare Map Dust Crafter's Kit,True,2023-11-19,250000000.0,16369.827134625,1.0,,,,250000000.0,,,
2676,Constellation Chrome Sphynx Trap Skin,True,2023-11-16,1000000.0,66.05019815,1.0,,,,1000000.0,,,
2679,Ethereal Treasure Hunting Kit,True,2020-10-29,18500000.0,1594.277835229,,,,,18500000.0,,,
2681,Spooky Supply Ghostship,True,,,,,,,,,,,
2687,Vampire Hunting Kit,True,2022-07-01,100000.0,6.335931065,1.0,,,,100000.0,,,
2696,Spooky Shuffle Dust,True,2023-11-20,3167193.0,208.505134957,3.0,,,,3167193.0,,,
2699,Creepy Coffin Trap,True,2023-11-19,2000000.0,130.958617077,1.0,,,,2000000.0,,,
2701,Extreme Spooky Charm,True,2023-11-20,8464.0,0.557208689,75.0,,,,8464.0,,,
2704,Soul Searching Turbine Trap Skin,True,2023-11-16,285999.0,18.89029062,1.0,,,,285999.0,,,
2705,Spooky Chrome Temporal Turbine Trap Skin,True,2023-11-15,236112.0,15.454378845,2.0,,,,236112.0,,,
2707,Great Winter Hunt 2018 Gift Basket,True,,,,,,,,,,,
2708,Great Winter Hunt 2018 Large Supply Kit,True,,,,,,,,,,,
2709,Winter Hunt Supply Kit,True,2021-09-29,25000000.0,1827.752595408,,,,,25000000.0,,,
2710,Great Winter Hunt Treasure Hunting Kit,True,,,,,,,,,,,
2724,Snowball Showdown Dust,True,2023-11-20,4900711.0,322.627452271,1.0,,350.0,4784850.0,4900711.0,-947439.0,8.470000000000027,Yessu
2733,Glazed Pecan Pecorino Cheese,True,2023-11-20,149905.0,9.868663594,705.0,,,,149905.0,,,
2734,2019 Charm,True,2023-11-20,8887.0,0.585055957,1.0,,,,8887.0,,,
2735,Golem Guardian Charm,True,2023-11-16,79799.0,5.270739762,50.0,,,,79799.0,,,
2736,Kris Chromo Trap Skin,True,2023-11-17,56000.0,3.611971104,2.0,,,,56000.0,,,
2737,Eternal Frost Ember Prison Core Trap Skin,True,2023-11-15,880000.0,57.599162194,1.0,,,,880000.0,,,
2738,Festive Chrome Winter Wreath Trap Skin,True,2023-11-17,250000.0,16.124871001,1.0,,,,250000.0,,,
2739,Festive Judge Trap Skin,True,2023-11-09,177888.0,11.567694108,1.0,,,,177888.0,,,
2740,Point-settia Ballista Trap Skin,True,2023-11-20,500000.0,32.916392363,1.0,,,,500000.0,,,
2747,New Year's Chrome Sphynx Wrath Trap Skin,True,2023-10-25,20919297.0,1334.053759326,1.0,,,,20919297.0,,,
2748,Scarlet Sparkling Bubbleh Trap Skin,True,2023-09-04,19997816.0,1163.001802849,1.0,,,,19997816.0,,,
2749,Year of the Pig Gift Basket,True,2023-01-18,31777777.0,2148.744134153,1.0,,,,31777777.0,,,
2750,Year of the Pig Large Supply Kit,True,2022-01-13,220000000.0,15290.519877675,1.0,,,,220000000.0,,,
2751,Year of the Pig Supply Kit,True,,,,,,,,,,,
2756,Chrome Truffle Finder 500â„¢ Trap Skin,True,2023-11-14,37000000.0,2359.693877551,1.0,,,,37000000.0,,,
2757,Floating Pig Fortress Trap Skin,True,2023-11-19,50000.0,3.273965426,1.0,,,,50000.0,,,
2758,Couple of Orcas Trap Skin,True,2023-09-04,17198114.0,1000.181099156,1.0,,,,17198114.0,,,
2760,2019 Birthday Gift Basket,True,,,,,,,,,,,
2761,2019 Birthday Supply Kit,True,,,,,,,,,,,
2762,Gilded Birthday Scroll Case,True,2023-09-27,39999998.0,2385.78062746,,,,,39999998.0,,,
2780,Factory Repair Charm,True,2023-11-20,40000.0,2.633311389,84.0,,,,40000.0,,,
2781,Infinite Birthday Party Trap Skin,True,2023-11-17,58367.0,3.764641382,1.0,,,,58367.0,,,
2782,Cake Pop Core Trap Skin,True,2023-11-18,105000.0,6.873527101,2.0,,,,105000.0,,,
2793,Eggsweeper Starter Pack,True,2023-05-14,40000000.0,2809.778027535,1.0,,,,40000000.0,,,
2804,Spring Hunt Gift Basket,True,2020-11-17,13500000.0,1066.3507109,,,,,13500000.0,,,
2805,Eggfinder Supply Kit,True,,,,,,,,,,,
2808,Magical Eggsweeper Fertilizer,True,2023-11-19,3100333.0,203.007661079,1.0,,,,3100333.0,,,
2809,Spring Chrome Eggtastic Ballista Trap Skin,True,2023-09-22,39999989.0,2355.157147903,1.0,,,,39999989.0,,,
2810,Spring M.Y.N.O.R.C.A. Trap Skin,True,2023-10-25,27000000.0,1721.828964989,1.0,,,,27000000.0,,,
2811,Cottontail Sentinel Trap Skin,True,2023-10-03,23999999.0,1398.764366476,1.0,,,,23999999.0,,,
2816,Extreme Dragonbane Charm,True,2023-11-20,40543.0,2.669058591,591.0,,,,40543.0,,,
2824,Queso Geyser Gift Basket,True,2021-10-28,12000000.0,886.328384666,,,,,12000000.0,,,
2825,Queso Geyser Starter Pack,True,2021-06-30,22000000.0,1805.202264708,,,,,22000000.0,,,
2826,Queso Geyser Supply Kit,True,2022-07-04,77000000.0,4836.987247942,1.0,,,,77000000.0,,,
2833,Kalor'ignis Rib,True,2023-11-20,24500000.0,1612.903225806,1.0,,,,24500000.0,,,
2838,Queso Thermal Spring,True,2023-11-20,138206.0,9.098485845,13.0,,,,138206.0,,,
2839,Magic Nest Dust,True,2023-11-20,2796443.0,184.097630019,14.0,,,,2796443.0,,,
2840,Geyser Smolder Stone,True,2023-11-20,372041.0,24.492495062,12.0,,,,372041.0,,,
2841,Thermal Chisel,True,2023-11-20,255713.0,16.83429888,7.0,,,,255713.0,,,
2847,Queso Canyon Grand Tour Treasure Hunting Kit,True,2023-01-07,15000000.0,1042.607909918,1.0,,,,15000000.0,,,
2861,Living Grove Mould,True,2023-11-20,2400000.0,157.998683344,1.0,,,,2400000.0,,,
2868,Extreme Queso Pump Charm,True,2023-11-19,194999.0,12.768399685,103.0,,,,194999.0,,,
2869,Stalemate Charm,True,2023-11-20,9466.0,0.62317314,76.0,,,,9466.0,,,
2870,Super Wax Charm,True,2023-11-20,14999.0,0.987425938,203.0,,,,14999.0,,,
2871,Glittering Geyserite Trap Skin,True,2023-11-17,4395000.0,283.475232198,1.0,,,,4395000.0,,,
2872,Royal Chrome Storm Wrought Ballista Trap Skin,True,2023-11-10,4499998.0,288.516894274,1.0,,,,4499998.0,,,
2884,Valour Rift Gift Basket,True,2023-05-19,5250000.0,367.569838269,1.0,,,,5250000.0,,,
2885,Valour Rift Large Supply Kit,True,2023-11-12,97000000.0,6208.0,1.0,,,,97000000.0,,,
2886,Valour Rift Supply Kit,True,2023-07-30,17000000.0,1114.534845604,1.0,,,,17000000.0,,,
2900,Champion's Fire,True,2023-11-20,91337.0,6.012969058,426.0,,,,91337.0,,,
2906,Gauntlet String Cheese,True,2023-11-20,10450.0,0.6879526,4771.0,,0.75,10253.25,10450.0,-2081.0,0.010000000000000009,Yessu
2907,Rift Extreme Power Charm,True,2023-11-20,10556.0,0.694930875,1485.0,,,,10556.0,,,
2908,Rift Super Power Charm,True,2023-11-20,7198.0,0.473864384,1180.0,,,,7198.0,,,
2909,Lunar Celestial Dissonance Skin,True,2023-11-20,8000000.0,526.662277814,1.0,,,,8000000.0,,,
2910,Solar Celestial Dissonance Skin,True,2023-11-13,7999000.0,515.100779187,1.0,,,,7999000.0,,,
2917,Rift Spooky Charm,True,2023-11-20,4213.0,0.277353522,123.0,,,,4213.0,,,
2919,Terrifying Terrorsplit Squash Trap Skin,True,2023-11-05,15000000.0,966.557123526,1.0,,,,15000000.0,,,
2939,Gilded Chrome Storm Wrought Ballista Trap Skin,True,2023-11-13,2888595.0,186.012943525,1.0,,,,2888595.0,,,
2940,Gilded Ember Prison Core Trap Skin,True,2023-10-31,2121810.0,133.170777631,3.0,,,,2121810.0,,,
2941,XL Winter Supply Kit,True,2022-12-06,197900000.0,11698.291659277,1.0,,,,197900000.0,,,
2957,2020 Charm,True,2023-11-19,2605.0,0.170573598,16.0,,,,2605.0,,,
2958,Rift 2020 Charm,True,2023-11-20,26125.0,1.7198815,1.0,,,,26125.0,,,
2959,Rift Extreme Snowball Charm,True,2023-11-09,16280.0,1.058655221,73.0,,,,16280.0,,,
2960,Rift Snowball Charm,True,2023-11-20,13125.0,0.864055299,138.0,,,,13125.0,,,
2961,Rift Super Snowball Charm,True,2023-11-15,10801.0,0.706964262,57.0,,,,10801.0,,,
2962,Rift Ultimate Snowball Charm,True,2023-11-20,63702.0,4.193680052,406.0,,,,63702.0,,,
2963,Chrome Santa Sphynx Trap Skin,True,2023-11-20,175000.0,11.520737327,1.0,,,,175000.0,,,
2964,Winter Mysteriously unYielding Null-Onyx Rampart of Cascading Amperes Trap Skin,True,2023-11-18,580000.0,37.968054464,1.0,,,,580000.0,,,
2965,Winter Queso Fount Trap Skin,True,2023-11-20,695000.0,45.753785385,1.0,,,,695000.0,,,
2967,Year of the Rat Gift Basket,True,2022-01-14,29899999.0,2032.492624566,1.0,,,,29899999.0,,,
2968,Year of the Rat Large Supply Kit,True,,,,,,,,,,,
2969,Year of the Rat Supply Kit,True,2022-01-16,110000000.0,7553.907430298,1.0,,,,110000000.0,,,
2974,Blazing Jade Lantern Trap Skin,True,2023-11-13,41999999.0,2704.617103483,1.0,,,,41999999.0,,,
2975,Slippery Rat Slide Trap Skin,True,2023-11-16,270000.0,17.8335535,1.0,,,,270000.0,,,
2980,Valentine's Celestial Dissonance Trap Skin,True,2023-11-05,11111.0,0.715961079,1.0,,,,11111.0,,,
2985,SUPER|brie+ Factory Gift Basket,True,,,,,,,,,,,
2986,SUPER|brie+ Factory Supply Kit,True,2022-05-14,35000000.0,2201.396314233,1.0,,,,35000000.0,,,
2993,Celestial Layer Cake Trap Skin,True,2023-11-01,15999.0,1.012594936,1.0,,,,15999.0,,,
3011,Spring Easter Basket ACRONYM Trap Skin,True,2023-11-01,113053.0,7.155253164,1.0,,,,113053.0,,,
3012,Rose Gold MonstroBunny Trap Skin,True,2023-11-16,123000.0,8.124174372,1.0,,,,123000.0,,,
3013,Hard Chocolate Prison Core Trap Skin,True,2023-11-18,145000.0,9.492013616,1.0,,,,145000.0,,,
3014,Infinite Easter Trap Skin,True,2023-11-19,179000.0,11.720796228,1.0,,,,179000.0,,,
3015,School of Bunnies Trap Skin,True,2023-11-09,1000.0,0.065027962,1.0,,,,1000.0,,,
3018,Ronza's Rift Supply Ship,True,2022-06-03,31500000.0,2211.612722038,2.0,,,,31500000.0,,,
3022,Chrome Celestial Dissonance Upgrade Kit,True,2023-11-20,44998000.0,2962.343647136,1.0,,,,44998000.0,,,
3026,Rift Chrome Charm,True,2023-11-18,8031.0,0.52572663,9.0,,,,8031.0,,,
3027,Rift Tarnished Charm,True,2023-11-20,10205.0,0.671823568,173.0,,,,10205.0,,,
3035,Floating Gift Basket,True,2023-07-16,13959000.0,991.124680488,1.0,,,,13959000.0,,,
3036,Floating Large Supply Kit,True,2023-01-17,25000000.0,1680.672268907,1.0,,,,25000000.0,,,
3037,Floating Supply Kit,True,2022-04-02,19800000.0,1382.391956992,1.0,,,,19800000.0,,,
3050,Cloud Cruiser Airship Balloon,True,2023-11-19,1100000.0,72.027239392,1.0,,,,1100000.0,,,
3051,Richard's Sky Yacht Airship Balloon,True,2023-11-19,10769.0,0.705146673,13.0,,,,10769.0,,,
3053,Pirate Airship Balloon,True,2023-10-29,11001201.0,688.091130848,1.0,,,,11001201.0,,,
3057,Cloud Cruiser Airship Hull,True,2023-11-14,1500000.0,95.663265306,1.0,,,,1500000.0,,,
3058,Richard's Sky Yacht Airship Hull,True,2023-11-19,24200.0,1.584599266,1.0,,,,24200.0,,,
3060,Pirate Airship Hull,True,2023-11-01,16000000.0,1012.658227848,1.0,,,,16000000.0,,,
3064,Cloud Cruiser Airship Sail,True,2023-11-06,500000.0,32.765399737,1.0,,,,500000.0,,,
3065,Richard's Sky Yacht Airship Sail,True,2023-11-19,24500.0,1.604243059,1.0,,,,24500.0,,,
3067,Pirate Airship Sail,True,2023-09-12,23000000.0,1324.65587744,1.0,,,,23000000.0,,,
3070,Bottled Wind,True,2023-11-20,43970.0,2.894667544,963.0,,3.3,45114.3,43970.0,-11169.0,-0.07999999999999963,Nopey
3075,Adorned Empyrean Jewel,True,2023-11-20,2473409.0,162.831402238,71.0,,140.0,1913940.0,2473409.0,134149.0,40.91999999999999,Yessu
3077,Cyclone Stone,True,2023-11-20,7416.0,0.488215931,1477.0,,,,7416.0,,,
3089,Cloud Cheesecake,True,2023-11-20,2823.0,0.185845951,19219.0,,,,2823.0,,,
3106,Fount of Bats Trap Skin,True,2023-11-07,20000000.0,1311.389417087,1.0,,,,20000000.0,,,
3108,Pumpkin Patch Thrasher Trap Skin,True,2023-11-08,30000000.0,1926.411096127,1.0,,,,30000000.0,,,
3123,Treasure Hunting Gift Set,True,2023-09-18,34499999.0,1996.643266392,1.0,,,,34499999.0,,,
3129,Ancient Jade S.T.I.N.G.E.R. Trap Skin,True,2023-11-19,2000000.0,130.958617077,1.0,,,,2000000.0,,,
3130,Gilded Dragon Slayer Cannon Trap Skin,True,2023-11-18,1980000.0,129.615082482,1.0,,,,1980000.0,,,
3132,Glazed Gift Basket,True,2021-12-11,15000000.0,1031.636863823,1.0,,,,15000000.0,,,
3133,Glazed Snow Golem Supply Box,True,2021-12-06,207777777.0,13813.174910251,1.0,,,,207777777.0,,,
3134,Glazed Snow Golem Supply Kit,True,2021-09-26,69999998.0,5256.044300946,,,,,69999998.0,,,
3153,2021 Charm,True,2023-11-20,6450.0,0.424621461,1.0,,,,6450.0,,,
3154,Rift 2021 Charm,True,2023-11-20,14444.0,0.950888742,1.0,,,,14444.0,,,
3155,Chrome Celestial Christmas Tree Trap Skin,True,2023-11-20,400000.0,26.33311389,1.0,,,,400000.0,,,
3156,Festive FÃªte Manipulator Trap Skin,True,2023-11-16,400000.0,26.42007926,1.0,,,,400000.0,,,
3158,Be Mine Bouquet,True,2023-02-19,12295555.0,824.098860589,1.0,,,,12295555.0,,,
3161,Year of the Ox Gift Basket,True,2023-01-09,23100000.0,1601.941747572,1.0,,,,23100000.0,,,
3162,Year of the Ox Large Supply Kit,True,2022-11-08,249749999.0,15112.549860825,1.0,,,,249749999.0,,,
3163,Year of the Ox Supply Kit,True,2021-09-20,70000000.0,5428.039702233,,,,,70000000.0,,,
3171,Chrome Monstrous OxBot Skin,True,2023-11-16,139985.0,9.246036988,1.0,,,,139985.0,,,
3172,Raging Ox Trap Skin,True,2023-09-23,45000000.0,2643.6376454,1.0,,,,45000000.0,,,
3175,Party Size Gilded Birthday Scroll Case,True,2023-10-15,50000000.0,2994.908655286,1.0,,,,50000000.0,,,
3179,Speedy Repair Gift Basket,True,2023-07-28,6201900.0,408.826631509,1.0,,,,6201900.0,,,
3180,Speedy Repair Supply Kit,True,2023-06-19,13750000.0,920.717825097,1.0,,,,13750000.0,,,
3188,Speedy Coggy Colby,True,2023-11-20,61601.0,4.055365371,72.0,,,,61601.0,,,
3189,Circlet of Celebration Trap Skin,True,2023-11-10,100765.0,6.460537282,1.0,,,,100765.0,,,
3190,Machine of Yearly Not Only Remembering but Celebrating Anniversaries Skin,True,2023-11-19,190400.0,12.467260345,1.0,,,,190400.0,,,
3191,Timesplit Celebrator Trap Skin,True,2023-11-06,288888.0,18.931061598,1.0,,,,288888.0,,,
3192,Surprise School of Sharks Trap Skin,True,2023-11-01,135000.0,8.544303797,1.0,,,,135000.0,,,
3201,Chrome Celestial Star Spire Trap Skin,True,2023-11-07,42000000.0,2753.917775883,1.0,,,,42000000.0,,,
3209,Eggscellent Gift Basket,True,2023-04-24,22000000.0,1545.052321089,1.0,,,,22000000.0,,,
3210,Eggstravagant Supply Kit,True,2023-04-24,170500000.0,11974.155488447,1.0,,,,170500000.0,,,
3240,Chocolate Fount Trap Skin,True,2023-10-26,15100000.0,958.000253774,1.0,,,,15100000.0,,,
3241,Chrome Celestial Spring Basket Trap Skin,True,2023-10-28,24999999.0,1543.209814814,1.0,,,,24999999.0,,,
3242,Smolderstone Saxon Trap Skin,True,2023-10-10,15438212.0,962.722125218,1.0,,,,15438212.0,,,
3248,Rift Dirigible Kit,True,,,,,,,,,,,
3249,2021 Ronza's Floating Islands Supply Ship,True,2023-09-19,68200000.0,3970.194434742,1.0,,,,68200000.0,,,
3250,Chrome School of Sharks Upgrade Kit,True,2023-11-20,51000000.0,3357.472021066,2.0,,,,51000000.0,,,
3259,Brilliant Water Jet Charm,True,2023-11-20,1200000.0,78.999341672,1.0,,,,1200000.0,,,
3260,Archmagus Final Form Trap Skin,True,2023-11-18,2875000.0,188.20371825,2.0,,,,2875000.0,,,
3261,Draconic Disintegrator Ray Trap Skin,True,2023-11-19,3000001.0,196.437991094,1.0,,,,3000001.0,,,
3262,Fairy Droidmother Trap Skin,True,2023-11-13,1818999.0,117.135617232,2.0,,,,1818999.0,,,
3263,Hibernating Mecha Beetle Trap Skin,True,2023-10-24,760000.0,47.714716223,1.0,,,,760000.0,,,
3264,Super-Safeâ„¢ Toy Crossbow Trap Skin,True,2023-10-14,8899986.0,529.824145731,1.0,,,,8899986.0,,,
3268,Empyrean Expedition Supply Kit,True,2023-03-03,85000000.0,5716.207128446,1.0,,,,85000000.0,,,
3279,Empyrean Airship Balloon,True,2023-10-16,4000400.0,241.409691629,1.0,,,,4000400.0,,,
3280,Empyrean Airship Hull,True,2023-11-01,7000000.0,443.037974683,1.0,,,,7000000.0,,,
3281,Empyrean Airship Sail,True,2023-11-17,5835000.0,376.354489164,1.0,,,,5835000.0,,,
3283,Brewer's Apprentice Kit,True,2021-11-02,44000000.0,3164.329377921,,,,,44000000.0,,,
3284,Brewmaster's Supply Kit,True,2023-01-01,100000000.0,6788.866259334,1.0,,,,100000000.0,,,
3285,Gloomy Gift Basket,True,2022-08-16,15000000.0,875.656742556,1.0,,,,15000000.0,,,
3296,Reactive Reagent,True,2023-11-20,46597.0,3.067610269,325.0,,,,46597.0,,,
3306,Bonefort Cheese,True,2023-11-20,31598.0,2.080184331,337.0,,3.0,41013.0,31598.0,-18529.0,-0.69,Nopey
3309,Gloomy Charm,True,2023-11-06,50007.0,3.276998689,2.0,,,,50007.0,,,
3310,Ultimate Dragonbane Charm,True,2023-11-20,46999.0,3.094075049,145.0,,,,46999.0,,,
3316,Costume Party of Sharks Trap Skin,True,2023-11-15,18000000.0,1178.164681241,1.0,,,,18000000.0,,,
3317,Explosive Pumpkin Core Trap Skin,True,2023-11-14,13203289.0,842.046492346,1.0,,,,13203289.0,,,
3318,Soul Piercer Trap Skin,True,2023-11-09,16000009.0,1040.44797763,1.0,,,,16000009.0,,,
3319,Steaming Pumpkin Spice Latte Trap Skin,True,2023-11-20,50016.0,3.29269256,1.0,,,,50016.0,,,
3337,Jingling Glazed Gift Basket,True,2022-12-29,29900000.0,2088.864049182,1.0,,,,29900000.0,,,
3338,Jingling Glazed Supply Box,True,2022-01-04,150000002.0,11097.137086631,1.0,,,,150000002.0,,,
3339,Jingling Glazed Supply Kit,True,2022-11-17,85000000.0,5171.574592358,1.0,,,,85000000.0,,,
3354,Festive Jingle Bell,True,2023-11-20,169972.0,11.189730085,330.0,,,,169972.0,,,
3366,2022 Charm,True,2023-11-20,4849.0,0.319223173,100.0,,,,4849.0,,,
3367,Rift 2022 Charm,True,2023-11-20,14630.0,0.96313364,118.0,,,,14630.0,,,
3368,New Year's DiscothÃ¨que of Seeking Trap Skin,True,2023-11-08,38099999.0,2446.542027868,1.0,,,,38099999.0,,,
3369,Icy Chrome School of Sharks Trap Skin,True,2023-11-20,375000.0,24.687294272,1.0,,,,375000.0,,,
3370,Snowball Slayer Cannon,True,2023-11-18,670000.0,43.859649122,1.0,,,,670000.0,,,
3371,Snowball Sentinel Trap Skin,True,2023-11-11,1275000.0,80.983231707,2.0,,,,1275000.0,,,
3373,100 Pack of Lunar Lantern Candles,True,2023-10-20,110000000.0,6808.194590579,1.0,,,,110000000.0,,,
3374,100 Pack of Red Lunar Lantern Candles,True,2023-04-17,157300000.0,10989.241302221,1.0,,,,157300000.0,,,
3375,10 Pack of Lunar Lantern Candles,True,2023-01-30,16331211.0,1141.803188142,3.0,,,,16331211.0,,,
3376,10 Pack of Red Lunar Lantern Candles,True,2023-01-30,18944444.0,1324.508424805,2.0,,,,18944444.0,,,
3377,30 Pack of Lunar Lantern Candles,True,2023-01-30,22222222.0,1553.675592533,1.0,,,,22222222.0,,,
3378,30 Pack of Red Lunar Lantern Candles,True,2023-01-30,55000000.0,3845.347129972,1.0,,,,55000000.0,,,
3379,Year of the Tiger Gift Basket,True,2023-01-18,30000000.0,2028.534721752,1.0,,,,30000000.0,,,
3380,Year of the Tiger Large Supply Kit,True,2022-12-11,248887999.0,16078.036111111,2.0,,,,248887999.0,,,
3381,Year of the Tiger Supply Kit,True,2023-01-18,110000000.0,7437.960646426,1.0,,,,110000000.0,,,
3389,Chrome School of Tiger Sharks Skin,True,2023-11-18,60000.0,3.927729772,1.0,,,,60000.0,,,
3390,Chrome Tiger Wrath Skin,True,2023-11-12,14105009.0,902.720576,1.0,,,,14105009.0,,,
3392,Large Speedy Repair Supply Kit,True,2023-03-24,111200000.0,7800.771659066,1.0,,,,111200000.0,,,
3398,PiÃ±ata of Pursuing Party Trap Skin,True,2023-11-11,500000.0,31.758130081,1.0,,,,500000.0,,,
3399,Birthday Fount Trap Skin,True,2023-11-04,988800.0,64.161962234,1.0,,,,988800.0,,,
3413,Egg Slayer Cannon Skin,True,2023-10-16,14462855.0,872.781063303,2.0,,,,14462855.0,,,
3414,Music Box S.T.I.N.G.E.R. Trap Skin,True,2023-11-02,19999899.0,1294.743251116,1.0,,,,19999899.0,,,
3415,Ronza's Floating Islands Supply Ship,True,2023-08-05,65993400.0,4172.572078907,1.0,,,,65993400.0,,,
3416,Chrome Thought Obliterator Upgrade Kit,True,2023-11-20,37306250.0,2455.974325213,4.0,,,,37306250.0,,,
3422,Chrome Celestial Jubokko Tree,True,2023-11-20,18000100.0,1184.99670836,1.0,,,,18000100.0,,,
3423,Peony Prison Core Trap Skin,True,2023-11-01,25000000.0,1582.278481012,1.0,,,,25000000.0,,,
3424,Slumbering Baker Trap Skin,True,2023-11-20,19989000.0,1315.931533903,1.0,,,,19989000.0,,,
3425,Super-Safeâ„¢ Drencher 500 Trap Skin,True,2023-10-20,15000000.0,928.390171442,1.0,,,,15000000.0,,,
3426,Pensive Enraged Rhinobot Skin,True,2023-10-15,8000000.0,479.185384845,1.0,,,,8000000.0,,,
3435,Extreme Spore Charm,True,2023-11-20,6238.0,0.410664911,1553.0,,,,6238.0,,,
3439,Folklore Forest Gift Basket,True,2023-11-20,6500000.0,427.913100724,1.0,,,,6500000.0,,,
3440,Folklore Forest Large Supply Kit,True,2023-11-20,158500001.0,10434.496445029,2.0,,,,158500001.0,,,
3441,Folklore Forest Supply Kit,True,2023-09-18,20000000.0,1157.474390879,1.0,,,,20000000.0,,,
3447,Condensed Creativity,True,2023-11-20,247185.0,16.272876892,8795.0,,15.2,207799.2,247185.0,-6791.0,2.879999999999999,Yessu
3463,Chrome School of Little Mermaids Trap Skin,True,2023-11-09,13100000.0,851.86630251,2.0,,,,13100000.0,,,
3464,Chrome Thought Entangler Trap Skin,True,2023-11-09,20000000.0,1300.559240473,1.0,,,,20000000.0,,,
3465,Slumbering Beauty Trap Skin,True,2023-11-06,29839083.0,1955.378964613,1.0,,,,29839083.0,,,
3471,Folklore Forest Treasure Hunting Kit,True,2023-11-19,37899990.0,2481.665138816,1.0,,,,37899990.0,,,
3480,Rainbow Spore Charm,True,2023-11-20,144404.0,9.506517445,1401.0,,,,144404.0,,,
3481,Stormy Clamembert Potion,True,2023-11-20,278069.0,18.306056616,208.0,,,,278069.0,,,
3482,Alchemist's Supply Box,True,2023-11-01,70000000.0,4430.379746835,1.0,,,,70000000.0,,,
3483,Apothecary's Supply Kit,True,2023-11-18,30000000.0,1963.864886095,1.0,,,,30000000.0,,,
3484,Insidious Gift Basket,True,2023-11-01,6000000.0,379.746835443,1.0,,,,6000000.0,,,
3485,Insidious Incense,True,2023-11-20,86688.0,5.706912442,45.0,,,,86688.0,,,
3486,Rift Rainbow Spore Charm,True,2023-11-20,230654.0,15.184595128,346.0,,,,230654.0,,,
3489,Horrifying PrinceBot Trap Skin,True,2023-11-18,21497850.0,1407.295758051,1.0,,,,21497850.0,,,
3490,Spectral Sleeping Stone Trap Skin,True,2023-11-12,6500000.0,416.0,1.0,,,,6500000.0,,,
3491,Spectral Slumbering Boulder Trap Skin,True,2023-11-20,14999999.0,987.491705069,1.0,,,,14999999.0,,,
3492,Stewing Cauldron Trap Skin,True,2023-11-20,55000.0,3.620803159,1.0,,,,55000.0,,,
3508,Winter Taiga Gift Basket,True,2023-01-08,17999999.0,1249.305871737,1.0,,,,17999999.0,,,
3509,Winter Taiga Large Supply Kit,True,2023-01-04,182000000.0,12333.965844402,1.0,,,,182000000.0,,,
3510,Winter Taiga Small Supply Kit,True,2023-01-13,110000000.0,7631.469404745,1.0,,,,110000000.0,,,
3521,Festive Spirit,True,2023-11-20,296731.0,19.534628044,231.0,,,,296731.0,,,
3527,2023 Charm,True,2023-11-20,2384.0,0.156945358,3027.0,,,,2384.0,,,
3528,Rift 2023 Charm,True,2023-11-20,10475.0,0.68959842,401.0,,,,10475.0,,,
3529,Angel of Apprehension Trap Skin,True,2023-11-15,14999999.0,981.80383558,2.0,,,,14999999.0,,,
3530,Candle of the Mind's Eye Trap Skin,True,2023-10-24,9556519.0,599.982358111,1.0,,,,9556519.0,,,
3531,Glacial Geyserite Trap Skin,True,2023-11-13,15000000.0,965.934702814,1.0,,,,15000000.0,,,
3532,H.E.A.R.T.H. S.T.I.N.G.E.R. Trap Skin,True,2023-11-01,19900000.0,1259.493670886,1.0,,,,19900000.0,,,
3533,Rowdy PartyBots Skin,True,2023-11-14,29000000.0,1849.489795918,1.0,,,,29000000.0,,,
3534,Chrome Gingerbread Thought Obliterator Trap Skin,True,2023-11-14,27497250.0,1753.651147959,1.0,,,,27497250.0,,,
3536,Year of the Rabbit Gift Basket,True,2023-06-22,18000004.0,1205.303602517,1.0,,,,18000004.0,,,
3537,Year of the Rabbit Large Supply Kit,True,2023-01-24,175000000.0,12418.393414703,1.0,,,,175000000.0,,,
3538,Year of the Rabbit Supply Kit,True,2023-01-27,99000000.0,6990.538059596,1.0,,,,99000000.0,,,
3546,Chrome Rabbit Paifang Trap Skin,True,2023-11-20,29876.0,1.966820276,1.0,,,,29876.0,,,
3550,Distorting Party Mirror Trap Skin,True,2023-10-15,17500009.0,1048.218568433,1.0,,,,17500009.0,,,
3551,Cake Slayer Cannon Trap Skin,True,2023-11-20,25000000.0,1645.819618169,1.0,,,,25000000.0,,,
3562,Chrome Fluffle of Bunnies Skin,True,2023-11-17,14392708.0,928.322239422,1.0,,,,14392708.0,,,
3563,Chrome Gold Foiled Thought Obliterator Skin,True,2023-11-18,12719444.0,832.642314742,2.0,,,,12719444.0,,,
3581,Bountiful Gift Basket,True,2023-10-31,7700000.0,483.273708654,1.0,,,,7700000.0,,,
3582,Large Bountiful Supply Kit,True,2023-11-16,119250205.0,7876.499669749,1.0,,,,119250205.0,,,
3583,Bountiful Supply Kit,True,2023-11-19,52999999.0,3470.403287061,1.0,,,,52999999.0,,,
3586,Giant's Golden Key,True,2023-11-20,607123.0,39.968597761,35.0,,,,607123.0,,,
3587,Golden Goose Feather,True,2023-11-20,5875661.0,386.81112574,22.0,,310.0,4238010.0,5875661.0,695871.0,119.79000000000002,Yessu
3588,Golden Goose,True,2023-11-20,54512146.0,3588.686372613,15.0,,,,54512146.0,,,
3592,Beanster Cheese,True,2023-11-20,9875.0,0.650098749,26202.0,,,,9875.0,,,
3595,Chrome Queen of the Seas Trap Skin,True,2023-11-20,16000001.0,1053.324621461,1.0,,,,16000001.0,,,
3596,King MidasBot Trap Skin,True,2023-11-15,14888888.0,974.531221364,1.0,,,,14888888.0,,,
3597,Tragic PrinceBot Trap Skin,True,2023-11-06,18500000.0,1212.319790301,1.0,,,,18500000.0,,,
3601,Ronza's Beanstalk Supply Ship,True,2023-11-17,84500000.0,5450.206398348,1.0,,,,84500000.0,,,
3602,Chrome Circlet of Pursuing Upgrade Kit,True,2023-11-19,28400000.0,1859.612362493,2.0,,,,28400000.0,,,
3606,Chrome Bumbling Bee of Pursuing Trap Skin,True,2023-11-18,27500000.0,1800.209478921,2.0,,,,27500000.0,,,
3607,Under Cloud Cover S.T.I.N.G.E.R. Trap Skin,True,2023-11-14,14750000.0,940.68877551,2.0,,,,14750000.0,,,
3608,Cosmic KingBot Trap Skin,True,2023-11-17,31000000.0,1999.484004127,1.0,,,,31000000.0,,,
3609,Infinite DnD Magic Mirrors Trap Skin,True,2023-11-18,23525759.0,1540.047067295,1.0,,,,23525759.0,,,
3610,Charming PrincessBot Trap Skin,True,2023-11-20,10000000.0,658.327847267,1.0,,,,10000000.0,,,
3613,Bountiful Treasure Hunting Kit,True,2023-11-19,11000000.0,720.272393923,1.0,,,,11000000.0,,,
3616,Super Regal Gift Basket,True,2023-10-29,9876540.0,617.747060295,1.0,,,,9876540.0,,,
3617,Ultimate Regal Charm,True,2023-11-20,67041.0,4.41349572,386.0,,,,67041.0,,,
3618,Cauldron from the Black Lagoon Trap Skin,True,2023-11-20,10000.0,0.658327847,1.0,,,,10000.0,,,
3619,Celestial Chrome Creator Trap Skin,True,2023-11-20,19894005.0,1309.677748518,2.0,,,,19894005.0,,,
3620,Infinite Dark Draculoids Trap Skin,True,2023-11-20,21250001.0,1398.946741277,1.0,,,,21250001.0,,,
3621,Chrome Bride of Obliteration Trap Skin,True,2023-11-20,22577502.0,1486.339828834,2.0,,,,22577502.0,,,
3622,Terrified KingBot Trap Skin,True,2023-11-20,23033345.0,1516.349242922,3.0,,,,23033345.0,,,
